H-New,H19,H20,H21
H-New-C01,H19-C01,H20-C01,
H-New-C02,H19-C02,H20-C02,
H-New-C03,H19-C03,H20-C03,
H-New-C04,H19-C04,H20-C04,
H-New-C05,H19-C05,H20-C05,
H-New-C06,H19-C06,H20-C06,
H-New-C07,H19-C07,H20-C07,
H-New-C08,H19-C08,H20-C08,
H-New-C09,H19-C09,H20-C09,
H-New-C10,H19-C10,H20-C10,
H-New-C11,,H20-C11,
H-New-C12,,H20-C12,
H-New-C13,,H20-C13,
H-New-C14,,H20-C14,
H-New-C15,,H20-C15,
H-New-C16,,H20-C16,
H-New-C17,,H20-C17,
H-New-C18,,H20-C18,
H-New-C19,,H20-C19,
H-New-C20,,H20-C20,
,H19-C21,H20-C21,
,H19-C22,H20-C22,
,H19-C23,H20-C23,
,H19-C24,H20-C24,
,H19-C25,H20-C25,
,H19-C26,H20-C26,
,H19-C27,H20-C27,
,H19-C28,H20-C28,
,H19-C29,H20-C29,
,H19-C30,H20-C30,
H-New-C31,H19-C31,H20-C31,
H-New-C32,H19-C32,H20-C32,
H-New-C33,H19-C33,H20-C33,
H-New-C34,H19-C34,H20-C34,
H-New-C35,H19-C35,H20-C35,
H-New-C36,H19-C36,H20-C36,
H-New-C37,H19-C37,H20-C37,
H-New-C38,H19-C38,H20-C38,
H-New-C39,H19-C39,H20-C39,
,,H20-C40,
,,H20-C41,
,,H20-C42,
,,H20-C43,
,,H20-C44,
,,H20-C45,
,,H20-C46,
,,H20-C47,
,,H20-C48,
,,H20-C49,
